{
  "avg_msd": 24.88031005859375,
  "avg_sc": 0.44188937544822693,
  "avg_f0_corr": 0.03039118077528359,
  "per_item": [
    {
      "mel_spectral_distance": 24.88031005859375,
      "spectral_convergence": 0.44188937544822693,
      "f0_correlation": 0.03039118077528359,
      "idx": 0
    }
  ]
}